product_id,transaction_id,payment_id,customer_id,staff_id,revenue,payment_date
663,76,1,1,1,2.99,"2005-05-25 11:30:37"
875,573,2,1,1,0.99,"2005-05-28 10:35:23"
611,1185,3,1,1,5.99,"2005-06-15 00:54:12"
228,1422,4,1,2,0.99,"2005-06-15 18:02:53"
308,1476,5,1,2,9.99,"2005-06-15 21:08:46"
159,1725,6,1,1,4.99,"2005-06-16 15:18:57"
44,2308,7,1,1,4.99,"2005-06-18 08:41:48"
766,2363,8,1,2,0.99,"2005-06-18 13:33:59"
997,3284,9,1,1,3.99,"2005-06-21 06:24:45"
316,4526,10,1,2,5.99,"2005-07-08 03:17:05"
764,4611,11,1,1,5.99,"2005-07-08 07:33:56"
814,5244,12,1,1,4.99,"2005-07-09 13:24:07"
174,5326,13,1,1,4.99,"2005-07-09 16:38:01"
294,6163,14,1,1,7.99,"2005-07-11 10:13:46"
539,7273,15,1,2,2.99,"2005-07-27 11:31:22"
243,7841,16,1,1,4.99,"2005-07-28 09:04:45"
929,8033,17,1,2,4.99,"2005-07-28 16:18:23"
341,8074,18,1,1,0.99,"2005-07-28 17:33:39"
982,8116,19,1,2,0.99,"2005-07-28 19:20:07"
22,8326,20,1,2,2.99,"2005-07-29 03:58:49"
480,9571,21,1,2,2.99,"2005-07-31 02:42:18"
3,10437,22,1,2,4.99,"2005-08-01 08:51:04"
709,11299,23,1,2,3.99,"2005-08-02 15:36:52"
315,11367,24,1,1,0.99,"2005-08-02 18:01:38"
579,11824,25,1,2,4.99,"2005-08-17 12:37:54"
204,12250,26,1,1,0.99,"2005-08-18 03:57:29"
663,13068,27,1,2,0.99,"2005-08-19 09:55:16"
490,13176,28,1,2,2.99,"2005-08-19 13:56:54"
924,14762,29,1,1,0.99,"2005-08-21 23:33:57"
317,14825,30,1,1,1.99,"2005-08-22 01:27:57"
317,15298,31,1,2,2.99,"2005-08-22 19:41:37"
70,15315,32,1,1,5.99,"2005-08-22 20:03:46"
243,320,33,2,1,4.99,"2005-05-27 00:09:24"
78,2128,34,2,1,2.99,"2005-06-17 20:54:58"
895,5636,35,2,1,2.99,"2005-07-10 06:31:24"
606,5755,36,2,1,6.99,"2005-07-10 12:38:56"
162,7346,37,2,2,4.99,"2005-07-27 14:30:42"
109,7376,38,2,1,5.99,"2005-07-27 15:23:02"
446,7459,39,2,2,5.99,"2005-07-27 18:40:20"
421,8230,40,2,2,5.99,"2005-07-29 00:12:59"
136,8598,41,2,1,2.99,"2005-07-29 12:56:59"
879,8705,42,2,2,5.99,"2005-07-29 17:14:29"
518,9031,43,2,1,4.99,"2005-07-30 06:06:10"
878,9236,44,2,2,10.99,"2005-07-30 13:47:43"
303,9248,45,2,2,0.99,"2005-07-30 14:14:11"
891,9296,46,2,2,6.99,"2005-07-30 16:21:13"
678,9465,47,2,2,6.99,"2005-07-30 22:39:53"
690,10136,48,2,1,2.99,"2005-07-31 21:58:56"
27,10466,49,2,1,0.99,"2005-08-01 09:45:26"
748,10918,50,2,1,0.99,"2005-08-02 02:10:56"
142,11087,51,2,1,5.99,"2005-08-02 07:41:41"
254,11177,52,2,1,6.99,"2005-08-02 10:43:48"
447,11256,53,2,2,2.99,"2005-08-02 13:44:53"
175,11614,54,2,1,2.99,"2005-08-17 03:52:18"
331,12963,55,2,1,2.99,"2005-08-19 06:26:04"
694,14475,56,2,1,4.99,"2005-08-21 13:24:32"
999,14743,57,2,2,5.99,"2005-08-21 22:41:56"
471,15145,58,2,2,4.99,"2005-08-22 13:53:04"
637,15907,59,2,2,4.99,"2005-08-23 17:39:35"
732,435,60,3,1,1.99,"2005-05-27 17:17:09"
759,830,61,3,1,2.99,"2005-05-29 22:43:55"
854,1546,62,3,1,8.99,"2005-06-16 01:34:05"
23,1726,63,3,1,6.99,"2005-06-16 15:19:10"
202,1911,64,3,2,6.99,"2005-06-17 05:15:15"
855,2628,65,3,1,2.99,"2005-06-19 08:34:53"
371,4180,66,3,1,4.99,"2005-07-07 10:23:25"
447,4725,67,3,1,4.99,"2005-07-08 12:47:11"
563,7096,68,3,1,5.99,"2005-07-27 04:54:42"
126,7503,69,3,2,10.99,"2005-07-27 20:23:12"
464,7703,70,3,2,7.99,"2005-07-28 03:59:21"
77,7724,71,3,2,6.99,"2005-07-28 04:46:30"
86,7911,72,3,1,4.99,"2005-07-28 11:46:45"
263,8086,73,3,2,4.99,"2005-07-28 18:17:14"
717,8545,74,3,1,2.99,"2005-07-29 11:07:04"
940,9226,75,3,1,1.99,"2005-07-30 13:31:20"
366,9443,76,3,2,3.99,"2005-07-30 21:45:46"
621,9595,77,3,1,2.99,"2005-07-31 03:27:58"
995,9816,78,3,2,4.99,"2005-07-31 11:32:58"
725,10597,79,3,2,5.99,"2005-08-01 14:19:48"
433,12556,80,3,2,4.99,"2005-08-18 14:49:55"
711,13403,81,3,1,8.99,"2005-08-19 22:18:07"
555,13610,82,3,2,2.99,"2005-08-20 06:14:12"
312,14699,83,3,2,8.99,"2005-08-21 20:50:48"
367,15038,84,3,2,0.99,"2005-08-22 09:37:27"
540,15619,85,3,1,2.99,"2005-08-23 07:10:14"
239,1297,86,4,1,4.99,"2005-06-15 09:31:28"
63,1633,87,4,1,0.99,"2005-06-16 08:08:40"
42,1707,88,4,2,2.99,"2005-06-16 14:01:27"
19,1735,89,4,2,0.99,"2005-06-16 15:51:52"
547,2043,90,4,2,0.99,"2005-06-17 14:31:12"
448,2642,91,4,1,5.99,"2005-06-19 09:39:01"
958,7660,92,4,1,2.99,"2005-07-28 02:10:10"
784,7718,93,4,2,2.99,"2005-07-28 04:37:59"
35,8741,94,4,1,3.99,"2005-07-29 18:44:57"
895,9100,95,4,1,5.99,"2005-07-30 08:46:09"
653,9371,96,4,1,5.99,"2005-07-30 18:58:00"
11,11069,97,4,2,0.99,"2005-08-02 07:09:34"
939,11110,98,4,1,2.99,"2005-08-02 08:20:31"
676,11529,99,4,2,4.99,"2005-08-17 00:28:01"
431,12151,100,4,1,2.99,"2005-08-18 00:14:03"
543,12294,101,4,2,8.99,"2005-08-18 05:14:44"
26,12856,102,4,2,1.99,"2005-08-19 02:19:13"
740,13704,103,4,1,2.99,"2005-08-20 09:32:04"
837,13807,104,4,1,6.99,"2005-08-20 12:55:40"
219,14225,105,4,2,4.99,"2005-08-21 04:53:37"
559,15147,106,4,1,2.99,"2005-08-22 13:58:23"
728,15635,107,4,2,1.99,"2005-08-23 07:43:00"
896,731,108,5,1,0.99,"2005-05-29 07:25:16"
68,1085,109,5,1,6.99,"2005-05-31 11:15:43"
870,1142,110,5,1,1.99,"2005-05-31 19:46:38"
722,1502,111,5,1,3.99,"2005-06-15 22:03:14"
539,1631,112,5,2,2.99,"2005-06-16 08:01:02"
941,2063,113,5,2,4.99,"2005-06-17 15:56:53"
245,2570,114,5,2,2.99,"2005-06-19 04:20:13"
263,3126,115,5,2,4.99,"2005-06-20 18:38:22"
131,3677,116,5,2,4.99,"2005-07-06 09:11:58"
975,4889,117,5,2,2.99,"2005-07-08 20:04:43"
408,5016,118,5,1,4.99,"2005-07-09 01:57:57"
213,5118,119,5,2,5.99,"2005-07-09 07:13:52"
91,5156,120,5,2,1.99,"2005-07-09 08:51:42"
511,5721,121,5,2,0.99,"2005-07-10 11:09:35"
465,6042,122,5,1,8.99,"2005-07-11 03:17:04"
951,6663,123,5,1,3.99,"2005-07-12 11:27:35"
314,6685,124,5,2,4.99,"2005-07-12 12:16:28"
733,7293,125,5,2,0.99,"2005-07-27 12:37:28"
18,7652,126,5,2,0.99,"2005-07-28 01:50:29"
22,7829,127,5,2,3.99,"2005-07-28 08:43:39"
6,8263,128,5,1,2.99,"2005-07-29 01:11:23"
155,8978,129,5,1,1.99,"2005-07-30 04:14:28"
333,9493,130,5,1,4.99,"2005-07-30 23:52:30"
962,9888,131,5,1,3.99,"2005-07-31 14:00:53"
568,10609,132,5,2,4.99,"2005-08-01 14:48:45"
663,10625,133,5,1,0.99,"2005-08-01 15:27:10"
810,11001,134,5,2,4.99,"2005-08-02 04:56:45"
956,11179,135,5,1,4.99,"2005-08-02 10:50:06"
286,11930,136,5,2,3.99,"2005-08-17 16:28:53"
763,12145,137,5,1,9.99,"2005-08-18 00:10:04"
349,12797,138,5,1,2.99,"2005-08-19 00:24:08"
266,13063,139,5,1,1.99,"2005-08-19 09:45:41"
743,13877,140,5,2,0.99,"2005-08-20 15:16:18"
470,14053,141,5,2,6.99,"2005-08-20 22:13:59"
575,14430,142,5,1,6.99,"2005-08-21 11:31:11"
37,14494,143,5,2,2.99,"2005-08-21 14:02:50"
12,15232,144,5,2,0.99,"2005-08-22 17:37:02"
345,13209,145,5,2,0.99,"2006-02-14 15:16:03"
858,57,146,6,2,4.99,"2005-05-25 08:43:32"
83,577,147,6,1,2.99,"2005-05-28 11:09:14"
285,916,148,6,2,0.99,"2005-05-30 11:25:01"
730,1575,149,6,1,3.99,"2005-06-16 03:41:38"
514,1841,150,6,2,2.99,"2005-06-16 23:44:13"
452,1966,151,6,1,0.99,"2005-06-17 09:19:45"
395,2345,152,6,1,0.99,"2005-06-18 12:03:23"
280,3983,153,6,2,0.99,"2005-07-06 23:14:21"
807,4278,154,6,2,2.99,"2005-07-07 14:53:24"
367,5553,155,6,1,0.99,"2005-07-10 03:03:35"
592,6211,156,6,2,5.99,"2005-07-11 12:39:01"
590,6248,157,6,1,7.99,"2005-07-11 15:01:54"
833,6686,158,6,2,0.99,"2005-07-12 12:18:38"
689,7099,159,6,2,2.99,"2005-07-27 05:03:44"
418,7136,160,6,2,2.99,"2005-07-27 06:38:25"
160,8101,161,6,1,0.99,"2005-07-28 18:47:23"
807,10271,162,6,1,2.99,"2005-08-01 03:13:39"
790,11023,163,6,1,2.99,"2005-08-02 05:36:38"
862,11398,164,6,1,3.99,"2005-08-02 18:55:15"
365,11591,165,6,1,6.99,"2005-08-17 02:29:41"
19,11727,166,6,1,0.99,"2005-08-17 08:12:20"
849,11853,167,6,1,0.99,"2005-08-17 13:39:32"
626,12254,168,6,2,2.99,"2005-08-18 04:05:29"
841,13451,169,6,2,6.99,"2005-08-20 00:18:25"
775,14329,170,6,1,7.99,"2005-08-21 08:22:56"
293,14377,171,6,1,4.99,"2005-08-21 09:49:28"
285,15509,172,6,1,5.99,"2005-08-23 02:51:24"
562,15603,173,6,2,0.99,"2005-08-23 06:41:32"
730,46,174,7,2,5.99,"2005-05-25 06:04:08"
931,117,175,7,2,0.99,"2005-05-25 19:30:46"
615,748,176,7,2,2.99,"2005-05-29 09:27:00"
683,975,177,7,1,4.99,"2005-05-30 21:07:15"
545,1063,178,7,1,5.99,"2005-05-31 08:44:29"
516,1810,179,7,2,0.99,"2005-06-16 21:06:00"
880,2250,180,7,1,2.99,"2005-06-18 05:03:36"
631,2709,181,7,1,0.99,"2005-06-19 14:00:26"
103,2888,182,7,1,4.99,"2005-06-20 01:50:56"
424,3007,183,7,1,0.99,"2005-06-20 10:11:53"
617,3639,184,7,2,5.99,"2005-07-06 07:09:17"
664,4238,185,7,2,2.99,"2005-07-07 13:22:20"
857,4787,186,7,2,5.99,"2005-07-08 16:16:04"
532,4856,187,7,1,4.99,"2005-07-08 18:47:38"
854,5441,188,7,1,8.99,"2005-07-09 21:52:05"
856,5921,189,7,1,7.99,"2005-07-10 21:35:12"
687,6174,190,7,1,1.99,"2005-07-11 10:36:28"
305,6295,191,7,1,2.99,"2005-07-11 17:30:58"
796,6761,192,7,2,3.99,"2005-07-12 15:17:42"
682,8422,193,7,2,5.99,"2005-07-29 07:02:55"
763,9624,194,7,2,7.99,"2005-07-31 04:30:03"
346,10330,195,7,2,6.99,"2005-08-01 04:57:04"
162,10423,196,7,1,5.99,"2005-08-01 08:19:53"
330,10514,197,7,1,4.99,"2005-08-01 11:39:26"
953,10644,198,7,2,4.99,"2005-08-01 15:52:00"
491,10989,199,7,2,3.99,"2005-08-02 04:40:54"
465,11542,200,7,2,7.99,"2005-08-17 00:51:32"
396,12367,201,7,1,8.99,"2005-08-18 07:57:14"
15,12730,202,7,1,2.99,"2005-08-18 21:55:01"
880,13373,203,7,2,2.99,"2005-08-19 21:23:31"
628,13476,204,7,1,2.99,"2005-08-20 01:06:04"
750,13594,205,7,1,0.99,"2005-08-20 05:53:31"
156,14222,206,7,1,5.99,"2005-08-21 04:49:48"
628,866,207,8,2,6.99,"2005-05-30 03:43:54"
42,1305,208,8,2,2.99,"2005-06-15 09:59:16"
415,2095,209,8,1,5.99,"2005-06-17 18:21:35"
521,3114,210,8,2,4.99,"2005-06-20 17:57:47"
473,3475,211,8,1,5.99,"2005-07-05 23:01:21"
882,4003,212,8,1,0.99,"2005-07-07 00:09:02"
432,4175,213,8,2,2.99,"2005-07-07 10:02:03"
692,4409,214,8,2,3.99,"2005-07-07 21:47:29"
329,4503,215,8,1,3.99,"2005-07-08 02:17:12"
554,5300,216,8,1,2.99,"2005-07-09 15:40:46"
554,5341,217,8,2,2.99,"2005-07-09 17:13:23"
421,6375,218,8,1,4.99,"2005-07-11 21:39:46"
401,6647,219,8,1,0.99,"2005-07-12 10:43:53"
722,8809,220,8,1,1.99,"2005-07-29 21:42:49"
609,9629,221,8,2,2.99,"2005-07-31 04:54:43"
1,10141,222,8,2,0.99,"2005-07-31 22:08:29"
474,10561,223,8,2,2.99,"2005-08-01 13:05:35"
216,11232,224,8,1,9.99,"2005-08-02 13:04:12"
37,11284,225,8,2,2.99,"2005-08-02 14:42:45"
847,12613,226,8,1,2.99,"2005-08-18 17:16:01"
491,14114,227,8,1,0.99,"2005-08-21 01:07:11"
930,15374,228,8,1,7.99,"2005-08-22 22:09:09"
645,15764,229,8,1,2.99,"2005-08-23 13:05:10"
985,15805,230,8,1,4.99,"2005-08-23 14:31:19"
604,350,231,9,2,4.99,"2005-05-27 05:01:28"
196,877,232,9,2,0.99,"2005-05-30 05:48:59"
493,1075,233,9,2,4.99,"2005-05-31 10:13:34"
856,3142,234,9,2,7.99,"2005-06-20 19:59:28"
826,3262,235,9,2,4.99,"2005-06-21 04:08:43"
305,4454,236,9,1,2.99,"2005-07-07 23:37:00"
931,4748,237,9,2,0.99,"2005-07-08 13:59:38"
545,4796,238,9,1,1.99,"2005-07-08 16:35:44"
928,5659,239,9,1,2.99,"2005-07-10 07:45:40"
763,6019,240,9,2,4.99,"2005-07-11 02:08:29"
774,6165,241,9,1,5.99,"2005-07-11 10:17:29"
830,7616,242,9,2,0.99,"2005-07-28 00:15:26"
445,7801,243,9,1,2.99,"2005-07-28 07:51:56"
897,9043,244,9,1,4.99,"2005-07-30 06:34:07"
531,10451,245,9,1,0.99,"2005-08-01 09:11:25"
88,10454,246,9,1,4.99,"2005-08-01 09:14:00"
691,11400,247,9,2,5.99,"2005-08-02 19:00:52"
82,11556,248,9,1,0.99,"2005-08-17 01:11:53"
609,12228,249,9,1,2.99,"2005-08-18 03:08:10"
166,12309,250,9,1,2.99,"2005-08-18 05:58:40"
459,12652,251,9,2,4.99,"2005-08-18 18:48:58"
502,14489,252,9,2,7.99,"2005-08-21 13:53:59"
219,15813,253,9,1,4.99,"2006-02-14 15:16:03"
816,1140,254,10,2,4.99,"2005-05-31 19:36:30"
227,1801,255,10,1,4.99,"2005-06-16 20:21:53"
407,1995,256,10,1,4.99,"2005-06-17 11:11:14"
840,2222,257,10,2,3.99,"2005-06-18 03:26:23"
387,2814,258,10,1,0.99,"2005-06-19 20:01:59"
344,2865,259,10,1,0.99,"2005-06-20 00:00:55"
373,3790,260,10,2,3.99,"2005-07-06 14:13:45"
10,4042,261,10,2,4.99,"2005-07-07 03:06:40"
164,4255,262,10,1,1.99,"2005-07-07 14:14:13"
678,5038,263,10,1,7.99,"2005-07-09 03:12:52"
645,5068,264,10,2,2.99,"2005-07-09 04:53:18"
650,5444,265,10,1,0.99,"2005-07-09 21:58:57"
850,5905,266,10,1,2.99,"2005-07-10 20:41:09"
16,7738,267,10,1,2.99,"2005-07-28 05:21:42"
563,8001,268,10,2,6.99,"2005-07-28 15:10:55"
838,8188,269,10,2,4.99,"2005-07-28 22:34:12"
486,9935,270,10,1,4.99,"2005-07-31 15:27:07"
969,10671,271,10,2,8.99,"2005-08-01 17:09:59"
629,11289,272,10,2,2.99,"2005-08-02 14:55:00"
91,11405,273,10,1,0.99,"2005-08-02 19:13:39"
613,12031,274,10,2,2.99,"2005-08-17 20:11:35"
383,12400,275,10,2,2.99,"2005-08-18 09:19:12"
972,13316,276,10,2,4.99,"2005-08-19 19:23:30"
942,13917,277,10,2,2.99,"2005-08-20 16:43:28"
13,15370,278,10,1,5.99,"2005-08-22 21:59:29"
86,987,279,11,1,6.99,"2005-05-30 22:59:12"
880,1470,280,11,1,6.99,"2005-06-15 20:53:07"
131,1939,281,11,1,7.99,"2005-06-17 07:26:45"
812,3192,282,11,1,0.99,"2005-06-20 23:49:12"
166,4608,283,11,2,2.99,"2005-07-08 07:19:11"
599,4943,284,11,1,4.99,"2005-07-08 22:43:05"
174,5835,285,11,2,5.99,"2005-07-10 16:44:58"
740,6146,286,11,2,6.99,"2005-07-11 09:09:59"
302,7314,287,11,1,4.99,"2005-07-27 13:13:32"
508,8014,288,11,1,4.99,"2005-07-28 15:32:07"
626,8100,289,11,2,2.99,"2005-07-28 18:43:11"
206,8447,290,11,2,1.99,"2005-07-29 07:38:14"
189,8715,291,11,1,0.99,"2005-07-29 17:33:45"
662,8950,292,11,1,9.99,"2005-07-30 03:17:13"
370,9292,293,11,2,6.99,"2005-07-30 16:08:21"
823,10812,294,11,1,4.99,"2005-08-01 22:41:16"
139,11166,295,11,2,6.99,"2005-08-02 10:14:58"
976,11502,296,11,2,0.99,"2005-08-16 23:06:30"
129,12015,297,11,2,5.99,"2005-08-17 19:32:44"
143,13572,298,11,2,0.99,"2005-08-20 05:07:27"
304,13790,299,11,1,4.99,"2005-08-20 12:17:27"
677,15120,300,11,1,0.99,"2005-08-22 12:42:47"
438,15240,301,11,2,2.99,"2005-08-22 17:46:41"
105,11646,302,11,1,0.99,"2006-02-14 15:16:03"
301,988,303,12,1,4.99,"2005-05-30 23:08:03"
1000,1084,304,12,1,4.99,"2005-05-31 11:10:17"
772,1752,305,12,2,5.99,"2005-06-16 17:02:55"
818,2434,306,12,2,5.99,"2005-06-18 18:11:51"
922,2500,307,12,2,5.99,"2005-06-18 23:07:12"
978,2623,308,12,2,4.99,"2005-06-19 08:11:51"
249,3135,309,12,2,2.99,"2005-06-20 19:33:52"
924,3411,310,12,1,0.99,"2005-06-21 16:31:27"
737,3870,311,12,1,3.99,"2005-07-06 17:57:54"
949,5071,312,12,1,0.99,"2005-07-09 05:00:39"
303,5074,313,12,1,0.99,"2005-07-09 05:06:24"
630,5111,314,12,2,0.99,"2005-07-09 07:02:19"
186,5242,315,12,2,3.99,"2005-07-09 13:20:25"
735,6773,316,12,1,2.99,"2005-07-12 15:55:39"
799,7008,317,12,2,0.99,"2005-07-27 01:44:03"
311,7279,318,12,2,0.99,"2005-07-27 11:50:47"
697,8985,319,12,2,0.99,"2005-07-30 04:34:51"
69,9166,320,12,2,4.99,"2005-07-30 11:26:28"
737,9238,321,12,2,5.99,"2005-07-30 13:49:43"
103,9627,322,12,1,5.99,"2005-07-31 04:42:46"
719,9708,323,12,2,5.99,"2005-07-31 07:45:33"
662,10392,324,12,2,10.99,"2005-08-01 06:50:26"
97,11497,325,12,2,0.99,"2005-08-16 22:52:30"
897,12604,326,12,1,4.99,"2005-08-18 16:58:48"
40,13519,327,12,2,0.99,"2005-08-20 02:37:07"
672,13895,328,12,2,2.99,"2005-08-20 15:58:28"
725,14240,329,12,2,4.99,"2005-08-21 05:19:39"
357,15993,330,12,1,0.99,"2005-08-23 20:28:44"
218,1933,331,13,1,2.99,"2005-06-17 06:54:42"
532,2209,332,13,1,4.99,"2005-06-18 02:24:01"
823,2952,333,13,1,2.99,"2005-06-20 06:26:57"
135,3047,334,13,1,8.99,"2005-06-20 12:45:33"
67,3946,335,13,2,2.99,"2005-07-06 21:39:24"
661,6118,336,13,1,8.99,"2005-07-11 07:43:08"
914,6568,337,13,1,2.99,"2005-07-12 05:45:47"
681,6870,338,13,1,0.99,"2005-07-12 20:13:45"
37,6897,339,13,1,2.99,"2005-07-12 21:30:41"
847,7916,340,13,1,2.99,"2005-07-28 11:49:53"
286,8277,341,13,1,2.99,"2005-07-29 01:38:53"
771,8831,342,13,2,11.99,"2005-07-29 22:37:41"
865,9260,343,13,2,9.99,"2005-07-30 14:38:22"
830,9434,344,13,2,0.99,"2005-07-30 21:29:41"
79,9664,345,13,1,0.99,"2005-07-31 06:12:08"
449,9736,346,13,1,7.99,"2005-07-31 08:58:40"
350,10003,347,13,1,4.99,"2005-07-31 17:48:51"
47,11292,348,13,1,4.99,"2005-08-02 14:58:41"
247,11315,349,13,2,0.99,"2005-08-02 16:05:17"
482,11761,350,13,2,5.99,"2005-08-17 09:44:59"
216,12918,351,13,2,7.99,"2005-08-19 04:31:36"
92,13096,352,13,2,4.99,"2005-08-19 10:49:03"
339,13213,353,13,2,0.99,"2005-08-19 15:25:48"
358,13456,354,13,1,0.99,"2005-08-20 00:33:19"
583,14252,355,13,1,9.99,"2005-08-21 05:44:07"
537,14545,356,13,2,7.99,"2005-08-21 15:44:23"
112,15338,357,13,1,4.99,"2005-08-22 20:51:24"
646,151,358,14,1,0.99,"2005-05-26 00:37:28"
941,346,359,14,1,9.99,"2005-05-27 04:34:41"
395,525,360,14,1,5.99,"2005-05-28 04:25:33"
230,671,361,14,1,2.99,"2005-05-28 22:04:30"
822,815,362,14,2,0.99,"2005-05-29 20:24:28"
893,1360,363,14,2,4.99,"2005-06-15 13:32:15"
241,3707,364,14,1,2.99,"2005-07-06 10:21:49"
101,4952,365,14,1,0.99,"2005-07-08 23:00:07"
457,5104,366,14,1,0.99,"2005-07-09 06:37:07"
591,5317,367,14,2,7.99,"2005-07-09 16:10:25"
124,5383,368,14,1,4.99,"2005-07-09 19:14:32"
739,5565,369,14,1,7.99,"2005-07-10 03:29:48"
329,8035,370,14,1,6.99,"2005-07-28 16:23:01"
942,8042,371,14,1,0.99,"2005-07-28 16:45:11"
738,8548,372,14,1,3.99,"2005-07-29 11:11:33"
719,8836,373,14,2,4.99,"2005-07-29 22:46:08"
24,9438,374,14,2,4.99,"2005-07-30 21:36:15"
397,9592,375,14,1,2.99,"2005-07-31 03:21:16"
450,10348,376,14,1,2.99,"2005-08-01 05:23:00"
6,10526,377,14,2,6.99,"2005-08-01 11:55:33"
904,11480,378,14,1,4.99,"2005-08-02 22:18:24"
199,11528,379,14,2,3.99,"2005-08-17 00:27:23"
433,12668,380,14,1,2.99,"2005-08-18 19:16:47"
253,13757,381,14,1,4.99,"2005-08-20 11:20:12"
674,15015,382,14,2,6.99,"2005-08-22 08:43:50"
970,15373,383,14,1,0.99,"2005-08-22 22:08:11"
168,16045,384,14,1,0.99,"2005-08-23 22:25:26"
385,13780,385,14,1,4.99,"2006-02-14 15:16:03"
59,2486,386,15,1,2.99,"2005-06-18 21:26:56"
435,2937,387,15,1,5.99,"2005-06-20 05:15:37"
875,3182,388,15,2,0.99,"2005-06-20 22:52:18"
527,3550,389,15,1,7.99,"2005-07-06 02:29:21"
385,4127,390,15,1,5.99,"2005-07-07 07:26:19"
116,5717,391,15,1,2.99,"2005-07-10 11:02:03"
657,5975,392,15,2,2.99,"2005-07-11 00:14:19"
190,7105,393,15,1,4.99,"2005-07-27 05:15:37"
525,8193,394,15,1,0.99,"2005-07-28 22:50:50"
973,8615,395,15,2,6.99,"2005-07-29 13:36:01"
61,8927,396,15,2,4.99,"2005-07-30 02:13:31"
353,9987,397,15,1,2.99,"2005-07-31 17:22:35"
526,11118,398,15,1,2.99,"2005-08-02 08:44:18"
353,11141,399,15,1,2.99,"2005-08-02 09:29:11"
326,11307,400,15,2,2.99,"2005-08-02 15:48:08"
784,11341,401,15,2,2.99,"2005-08-02 17:09:24"
811,11922,402,15,1,7.99,"2005-08-17 16:20:37"
428,12272,403,15,2,2.99,"2005-08-18 04:39:10"
474,12551,404,15,2,2.99,"2005-08-18 14:46:26"
73,12635,405,15,1,2.99,"2005-08-18 18:00:23"
313,13339,406,15,2,8.99,"2005-08-19 20:18:36"
213,13393,407,15,1,5.99,"2005-08-19 22:03:46"
100,13503,408,15,2,5.99,"2005-08-20 02:00:33"
300,13541,409,15,1,4.99,"2005-08-20 03:41:41"
873,13677,410,15,2,3.99,"2005-08-20 08:34:41"
194,14569,411,15,2,0.99,"2005-08-21 16:31:22"
764,14776,412,15,2,4.99,"2005-08-21 23:53:35"
214,14872,413,15,2,8.99,"2005-08-22 03:23:41"
379,15178,414,15,1,0.99,"2005-08-22 15:36:04"
361,15897,415,15,1,4.99,"2005-08-23 17:12:31"
116,13798,416,15,1,3.98,"2006-02-14 15:16:03"
812,13968,417,15,2,0.00,"2006-02-14 15:16:03"
309,335,418,16,1,3.99,"2005-05-27 03:07:10"
393,593,419,16,1,2.99,"2005-05-28 13:33:23"
598,887,420,16,2,0.99,"2005-05-30 07:10:00"
274,1017,421,16,1,2.99,"2005-05-31 02:53:36"
871,1934,422,16,2,6.99,"2005-06-17 07:04:57"
71,1944,423,16,1,7.99,"2005-06-17 07:50:53"
NULL,NULL,424,16,1,1.99,"2005-06-18 04:56:12"
865,2960,425,16,1,7.99,"2005-06-20 07:10:09"
646,3348,426,16,2,0.99,"2005-06-21 11:16:42"
982,3548,427,16,1,0.99,"2005-07-06 02:23:39"
615,4219,428,16,2,2.99,"2005-07-07 12:11:22"
651,4263,429,16,2,3.99,"2005-07-07 14:24:44"
100,4517,430,16,2,4.99,"2005-07-08 02:45:19"
764,6100,431,16,1,4.99,"2005-07-11 06:40:31"
816,7489,432,16,2,0.99,"2005-07-27 19:39:38"
468,7552,433,16,2,2.99,"2005-07-27 22:03:41"
939,8452,434,16,2,5.99,"2005-07-29 07:45:00"
875,9158,435,16,2,0.99,"2005-07-30 11:12:03"
683,9610,436,16,2,5.99,"2005-07-31 03:54:05"
700,10687,437,16,2,2.99,"2005-08-01 17:53:02"
445,10727,438,16,2,2.99,"2005-08-01 19:15:08"
153,11308,439,16,2,0.99,"2005-08-02 15:50:44"
993,12104,440,16,2,2.99,"2005-08-17 22:53:00"
112,12358,441,16,1,4.99,"2005-08-18 07:41:43"
898,12577,442,16,1,7.99,"2005-08-18 15:39:46"
668,13151,443,16,2,4.99,"2005-08-19 13:08:23"
917,13391,444,16,1,4.99,"2005-08-19 22:01:42"
45,13480,445,16,1,6.99,"2005-08-20 01:10:27"
973,14511,446,16,1,8.99,"2005-08-21 14:45:34"
792,287,447,17,2,2.99,"2005-05-26 19:44:54"
770,580,448,17,1,2.99,"2005-05-28 11:19:53"
889,884,449,17,2,4.99,"2005-05-30 06:41:32"
879,2175,450,17,2,5.99,"2005-06-18 00:17:58"
271,2684,451,17,1,8.99,"2005-06-19 12:29:08"
838,3269,452,17,2,5.99,"2005-06-21 05:06:30"
810,5714,453,17,1,3.99,"2005-07-10 10:46:57"
619,5883,454,17,1,3.99,"2005-07-10 19:25:21"
795,6884,455,17,2,1.99,"2005-07-12 20:52:41"
48,8076,456,17,2,8.99,"2005-07-28 17:45:58"
835,8213,457,17,1,2.99,"2005-07-28 23:37:33"
409,9092,458,17,2,8.99,"2005-07-30 08:30:56"
559,9138,459,17,1,2.99,"2005-07-30 10:11:52"
460,9382,460,17,2,8.99,"2005-07-30 19:23:44"
873,9489,461,17,1,0.99,"2005-07-30 23:43:32"
661,11990,462,17,2,4.99,"2005-08-17 18:26:22"
252,13732,463,17,1,2.99,"2005-08-20 10:24:41"
201,14040,464,17,1,2.99,"2005-08-20 21:43:44"
234,14326,465,17,2,2.99,"2005-08-21 08:15:41"
22,14346,466,17,1,2.99,"2005-08-21 08:42:26"
458,15752,467,17,2,5.99,"2005-08-23 12:41:38"
432,50,468,18,1,2.99,"2005-05-25 06:44:53"
973,116,469,18,1,4.99,"2005-05-25 19:27:51"
174,692,470,18,1,4.99,"2005-05-29 01:32:10"
778,1451,471,18,2,5.99,"2005-06-15 19:30:18"
10,1783,472,18,2,4.99,"2005-06-16 19:23:23"
356,2112,473,18,2,5.99,"2005-06-17 19:52:42"
995,2990,474,18,1,8.99,"2005-06-20 09:02:51"
417,4672,475,18,2,3.99,"2005-07-08 10:15:38"
740,4724,476,18,2,3.99,"2005-07-08 12:46:30"
206,4923,477,18,2,3.99,"2005-07-08 21:44:39"
445,6128,478,18,2,2.99,"2005-07-11 08:15:08"
270,6846,479,18,1,0.99,"2005-07-12 19:20:45"
463,8122,480,18,2,2.99,"2005-07-28 19:27:37"
611,8555,481,18,1,4.99,"2005-07-29 11:18:01"
173,9036,482,18,1,4.99,"2005-07-30 06:18:38"
199,9114,483,18,2,4.99,"2005-07-30 09:13:21"
995,10682,484,18,1,4.99,"2005-08-01 17:32:53"
200,10721,485,18,2,1.99,"2005-08-01 19:05:18"
680,11094,486,18,2,4.99,"2005-08-02 08:03:02"
637,11439,487,18,2,4.99,"2005-08-02 20:22:45"
953,12333,488,18,2,0.99,"2005-08-18 06:51:39"
54,13490,489,18,2,0.99,"2005-08-20 01:29:29"
741,18,490,19,2,0.99,"2005-05-25 01:10:47"
893,110,491,19,2,9.99,"2005-05-25 18:43:49"
563,179,492,19,1,6.99,"2005-05-26 04:26:06"
164,337,493,19,1,2.99,"2005-05-27 03:22:30"
83,591,494,19,2,2.99,"2005-05-28 13:11:04"
450,696,495,19,2,2.99,"2005-05-29 01:59:10"
786,2657,496,19,1,2.99,"2005-06-19 10:42:59"
756,2848,497,19,1,2.99,"2005-06-19 22:55:37"
789,3423,498,19,2,2.99,"2005-06-21 17:38:02"
856,3549,499,19,2,4.99,"2005-07-06 02:24:55"
532,6495,500,19,2,4.99,"2005-07-12 02:57:02"
31,9157,501,19,1,5.99,"2005-07-30 11:06:23"
875,9256,502,19,1,0.99,"2005-07-30 14:29:29"
506,10077,503,19,2,9.99,"2005-07-31 20:01:06"
263,10176,504,19,1,7.99,"2005-07-31 23:40:35"
590,11508,505,19,2,8.99,"2005-08-16 23:27:36"
757,11869,506,19,1,5.99,"2005-08-17 14:10:22"
324,12211,507,19,1,9.99,"2005-08-18 02:31:18"
35,12357,508,19,2,2.99,"2005-08-18 07:40:52"
45,13718,509,19,1,8.99,"2005-08-20 09:53:44"
483,13804,510,19,2,8.99,"2005-08-20 12:46:32"
412,14101,511,19,1,4.99,"2005-08-21 00:33:03"
288,15047,512,19,1,2.99,"2005-08-22 09:57:16"
875,15529,513,19,2,0.99,"2005-08-23 03:46:47"
147,202,514,20,2,2.99,"2005-05-26 07:27:36"
578,497,515,20,2,6.99,"2005-05-28 00:54:39"
109,546,516,20,2,1.99,"2005-05-28 07:16:25"
948,1558,517,20,2,0.99,"2005-06-16 02:33:53"
581,2136,518,20,2,3.99,"2005-06-17 21:16:41"
994,2343,519,20,2,4.99,"2005-06-18 11:46:26"
707,3350,520,20,1,4.99,"2005-06-21 11:21:38"
445,4011,521,20,2,3.99,"2005-07-07 00:48:25"
59,4407,522,20,1,2.99,"2005-07-07 21:39:45"
813,5718,523,20,1,2.99,"2005-07-10 11:03:20"
443,6254,524,20,1,2.99,"2005-07-11 15:10:18"
465,6267,525,20,2,6.99,"2005-07-11 15:53:00"
580,7217,526,20,2,4.99,"2005-07-27 09:31:44"
274,7864,527,20,2,5.99,"2005-07-28 10:06:10"
928,8127,528,20,2,2.99,"2005-07-28 19:45:19"
420,9075,529,20,2,4.99,"2005-07-30 07:55:14"
952,9468,530,20,2,3.99,"2005-07-30 22:53:52"
631,10284,531,20,2,4.99,"2005-08-01 03:33:19"
243,10616,532,20,1,7.99,"2005-08-01 14:59:50"
747,10954,533,20,1,1.99,"2005-08-02 03:30:24"
595,11821,534,20,1,0.99,"2005-08-17 12:27:55"
492,12180,535,20,1,0.99,"2005-08-18 01:28:15"
321,13036,536,20,2,4.99,"2005-08-19 08:48:37"
969,13137,537,20,1,4.99,"2005-08-19 12:26:32"
735,13317,538,20,2,2.99,"2005-08-19 19:25:42"
841,14613,539,20,2,2.99,"2005-08-21 18:03:20"
989,15057,540,20,2,6.99,"2005-08-22 10:19:58"
317,15161,541,20,1,1.99,"2005-08-22 14:37:22"
218,15248,542,20,2,0.99,"2005-08-22 17:53:06"
638,15460,543,20,1,2.99,"2005-08-23 01:10:42"
96,260,544,21,1,3.99,"2005-05-26 15:42:20"
181,463,545,21,2,3.99,"2005-05-27 20:11:47"
249,570,546,21,1,0.99,"2005-05-28 10:15:04"
759,2235,547,21,2,7.99,"2005-06-18 04:08:50"
957,2268,548,21,1,4.99,"2005-06-18 06:13:41"
690,2393,549,21,1,2.99,"2005-06-18 15:37:55"
451,2830,550,21,2,4.99,"2005-06-19 21:14:33"
908,3212,551,21,1,10.99,"2005-06-21 01:04:35"
369,5107,552,21,2,4.99,"2005-07-09 06:42:32"
793,5772,553,21,1,3.99,"2005-07-10 13:27:40"
773,5961,554,21,1,2.99,"2005-07-10 23:43:23"
531,6943,555,21,2,1.99,"2005-07-26 23:28:13"
531,7994,556,21,1,0.99,"2005-07-28 14:56:54"
753,8196,557,21,2,6.99,"2005-07-28 22:56:11"
204,8862,558,21,2,2.99,"2005-07-29 23:49:23"
577,9149,559,21,2,0.99,"2005-07-30 10:45:12"
44,9699,560,21,1,5.99,"2005-07-31 07:29:25"
81,10570,561,21,2,4.99,"2005-08-01 13:23:06"
250,10734,562,21,1,0.99,"2005-08-01 19:28:47"
677,11072,563,21,2,0.99,"2005-08-02 07:10:57"
387,11970,564,21,2,0.99,"2005-08-17 17:53:09"
741,12131,565,21,2,2.99,"2005-08-17 23:34:16"
91,12660,566,21,2,4.99,"2005-08-18 19:07:23"
787,12774,567,21,1,6.99,"2005-08-18 23:34:22"
620,13381,568,21,1,2.99,"2005-08-19 21:37:57"
502,13399,569,21,2,4.99,"2005-08-19 22:09:28"
967,13411,570,21,1,4.99,"2005-08-19 22:43:38"
113,13463,571,21,1,8.99,"2005-08-20 00:50:54"
854,13699,572,21,1,9.99,"2005-08-20 09:26:14"
952,13740,573,21,1,4.99,"2005-08-20 10:48:43"
698,14077,574,21,2,8.99,"2005-08-20 23:24:07"
602,14161,575,21,2,2.99,"2005-08-21 02:51:59"
952,14446,576,21,2,2.99,"2005-08-21 12:10:41"
100,14869,577,21,1,4.99,"2005-08-22 03:20:26"
264,14933,578,21,1,2.99,"2006-02-14 15:16:03"
735,370,579,22,1,4.99,"2005-05-27 07:49:43"
394,556,580,22,1,4.99,"2005-05-28 08:31:36"
567,820,581,22,2,8.99,"2005-05-29 21:07:22"
876,3419,582,22,1,2.99,"2005-06-21 17:18:01"
274,4215,583,22,2,2.99,"2005-07-07 12:00:52"
710,5294,584,22,1,6.99,"2005-07-09 15:23:42"
644,5815,585,22,1,2.99,"2005-07-10 15:48:19"
256,7087,586,22,1,4.99,"2005-07-27 04:42:08"
239,7705,587,22,1,7.99,"2005-07-28 04:02:58"
388,9410,588,22,2,0.99,"2005-07-30 20:38:05"
117,9580,589,22,1,4.99,"2005-07-31 03:01:11"
55,12023,590,22,1,5.99,"2005-08-17 19:54:54"
443,12124,591,22,1,2.99,"2005-08-17 23:22:46"
436,12809,592,22,2,0.99,"2005-08-19 00:42:24"
112,13060,593,22,2,9.99,"2005-08-19 09:43:25"
287,14056,594,22,1,2.99,"2005-08-20 22:18:53"
715,14564,595,22,1,6.99,"2005-08-21 16:24:43"
971,15134,596,22,1,7.99,"2005-08-22 13:18:25"
519,15589,597,22,1,6.99,"2005-08-23 06:03:31"
779,15658,598,22,1,4.99,"2005-08-23 08:48:43"
627,15793,599,22,1,4.99,"2005-08-23 14:06:19"
861,12222,600,22,1,4.99,"2006-02-14 15:16:03"
902,129,601,23,1,8.99,"2005-05-25 21:20:03"
502,654,602,23,1,2.99,"2005-05-28 20:15:30"
732,1090,603,23,2,0.99,"2005-05-31 12:03:44"
525,2753,604,23,1,1.99,"2005-06-19 16:44:35"
602,2827,605,23,1,0.99,"2005-06-19 20:50:01"
289,3015,606,23,1,5.99,"2005-06-20 10:48:56"
330,3055,607,23,1,4.99,"2005-06-20 13:19:58"
374,3461,608,23,1,2.99,"2005-06-21 21:49:18"
331,3736,609,23,2,3.99,"2005-07-06 11:43:44"
850,3781,610,23,2,2.99,"2005-07-06 13:53:41"
319,4853,611,23,2,2.99,"2005-07-08 18:43:18"
109,6213,612,23,1,2.99,"2005-07-11 12:43:07"
820,6238,613,23,1,2.99,"2005-07-11 14:20:18"
668,6917,614,23,2,5.99,"2005-07-12 22:30:15"
37,7155,615,23,1,7.99,"2005-07-27 07:18:46"
394,8015,616,23,1,2.99,"2005-07-28 15:33:03"
27,8718,617,23,2,0.99,"2005-07-29 17:41:14"
859,9209,618,23,2,5.99,"2005-07-30 12:55:36"
350,9255,619,23,2,9.99,"2005-07-30 14:26:46"
602,9718,620,23,2,3.99,"2005-07-31 08:25:03"
857,10132,621,23,1,6.99,"2005-07-31 21:50:24"
835,10898,622,23,1,2.99,"2005-08-02 01:29:57"
464,11501,623,23,2,2.99,"2005-08-16 23:04:53"
907,13290,624,23,2,2.99,"2005-08-19 18:31:50"
846,13331,625,23,2,4.99,"2005-08-19 20:00:25"
804,13429,626,23,2,6.99,"2005-08-19 23:25:37"
651,13511,627,23,2,0.99,"2005-08-20 02:21:40"
496,13557,628,23,2,0.99,"2005-08-20 04:12:41"
608,14482,629,23,2,2.99,"2005-08-21 13:42:45"
236,15532,630,23,2,2.99,"2006-02-14 15:16:03"
698,1007,631,24,2,6.99,"2005-05-31 01:02:28"
433,1077,632,24,2,2.99,"2005-05-31 10:22:54"
4,1716,633,24,1,2.99,"2005-06-16 14:39:31"
572,2070,634,24,1,2.99,"2005-06-17 16:27:51"
518,2116,635,24,2,4.99,"2005-06-17 20:16:12"
183,2451,636,24,1,5.99,"2005-06-18 19:28:02"
316,2963,637,24,2,7.99,"2005-06-20 07:33:09"
778,3649,638,24,2,7.99,"2005-07-06 07:32:42"
275,4378,639,24,2,2.99,"2005-07-07 20:29:08"
344,5310,640,24,1,0.99,"2005-07-09 16:00:34"
951,5648,641,24,2,0.99,"2005-07-10 07:09:21"
583,6855,642,24,1,4.99,"2005-07-12 19:46:29"
741,7266,643,24,1,1.99,"2005-07-27 11:22:17"
75,8947,644,24,1,4.99,"2005-07-30 03:15:37"
864,9723,645,24,1,0.99,"2005-07-31 08:31:18"
511,9925,646,24,2,0.99,"2005-07-31 15:08:47"
679,10491,647,24,2,2.99,"2005-08-01 10:38:27"
707,11209,648,24,1,2.99,"2005-08-02 12:09:45"
554,11546,649,24,2,2.99,"2005-08-17 00:57:36"
916,12165,650,24,2,8.99,"2005-08-18 00:53:37"
58,12745,651,24,1,2.99,"2005-08-18 22:22:45"
143,12999,652,24,1,1.99,"2005-08-19 07:34:53"
531,13058,653,24,2,4.99,"2005-08-19 09:40:53"
281,13247,654,24,1,0.99,"2005-08-19 16:45:59"
159,15357,655,24,2,4.99,"2005-08-22 21:28:59"
654,90,656,25,1,7.99,"2005-05-25 14:31:25"
3,1033,657,25,2,2.99,"2005-05-31 04:50:07"
268,1338,658,25,1,4.99,"2005-06-15 12:17:34"
835,1365,659,25,1,2.99,"2005-06-15 14:09:55"
893,1754,660,25,2,6.99,"2005-06-16 17:13:23"
861,2625,661,25,2,8.99,"2005-06-19 08:23:11"
145,2901,662,25,1,4.99,"2005-06-20 02:41:28"
253,3447,663,25,1,4.99,"2005-06-21 20:53:31"
689,4282,664,25,1,2.99,"2005-07-07 15:26:31"
744,4319,665,25,1,0.99,"2005-07-07 17:50:27"
209,4404,666,25,2,2.99,"2005-07-07 21:31:53"
53,5881,667,25,1,2.99,"2005-07-10 19:19:43"
133,6653,668,25,1,4.99,"2005-07-12 11:06:17"
166,6905,669,25,2,2.99,"2005-07-12 22:02:18"
754,8667,670,25,2,2.99,"2005-07-29 15:40:57"
97,8878,671,25,2,0.99,"2005-07-30 00:15:57"
892,9140,672,25,1,8.99,"2005-07-30 10:12:01"
328,9334,673,25,2,2.99,"2005-07-30 17:56:38"
789,9922,674,25,2,2.99,"2005-07-31 14:59:37"
16,10103,675,25,2,2.99,"2005-07-31 20:49:13"
115,10324,676,25,1,5.99,"2005-08-01 04:49:06"
620,10860,677,25,2,2.99,"2005-08-02 00:12:32"
841,10916,678,25,1,2.99,"2005-08-02 02:05:59"
830,11642,679,25,1,0.99,"2005-08-17 04:48:05"
76,12922,680,25,1,0.99,"2005-08-19 04:48:48"
114,14193,681,25,1,4.99,"2005-08-21 03:38:27"
37,14236,682,25,1,4.99,"2005-08-21 05:13:16"
945,15512,683,25,1,0.99,"2005-08-23 02:57:30"
968,15972,684,25,1,5.99,"2005-08-23 20:00:30"
592,796,685,26,1,2.99,"2005-05-29 16:59:44"
373,1105,686,26,2,2.99,"2005-05-31 14:33:56"
641,1440,687,26,1,5.99,"2005-06-15 18:53:14"
645,1706,688,26,2,4.99,"2005-06-16 14:01:02"
177,2093,689,26,1,9.99,"2005-06-17 18:14:08"
628,2416,690,26,2,3.99,"2005-06-18 17:07:34"
771,2421,691,26,2,6.99,"2005-06-18 17:25:05"
408,2532,692,26,1,4.99,"2005-06-19 01:27:46"
277,2745,693,26,1,4.99,"2005-06-19 16:21:19"
295,4065,694,26,1,2.99,"2005-07-07 04:32:28"
172,4274,695,26,1,4.99,"2005-07-07 14:42:04"
142,4382,696,26,1,4.99,"2005-07-07 20:41:03"
266,4402,697,26,2,0.99,"2005-07-07 21:28:46"
207,4431,698,26,1,6.99,"2005-07-07 22:39:02"
49,4536,699,26,1,3.99,"2005-07-08 03:43:22"
531,4641,700,26,1,6.99,"2005-07-08 09:09:46"
773,5437,701,26,1,2.99,"2005-07-09 21:32:29"
945,6149,702,26,1,1.99,"2005-07-11 09:19:31"
758,6243,703,26,2,2.99,"2005-07-11 14:53:25"
143,7328,704,26,2,0.99,"2005-07-27 13:55:18"
936,8241,705,26,1,4.99,"2005-07-29 00:33:36"
744,9484,706,26,1,0.99,"2005-07-30 23:31:40"
344,10386,707,26,1,3.99,"2005-08-01 06:42:20"
483,10996,708,26,1,3.99,"2005-08-02 04:48:11"
612,11314,709,26,2,2.99,"2005-08-02 16:04:08"
807,11338,710,26,1,0.99,"2005-08-02 17:00:12"
67,11744,711,26,1,5.99,"2005-08-17 08:54:30"
127,13111,712,26,2,4.99,"2005-08-19 11:25:10"
412,14183,713,26,2,4.99,"2005-08-21 03:24:29"
778,14192,714,26,2,8.99,"2005-08-21 03:37:42"
19,14603,715,26,2,1.99,"2005-08-21 17:51:06"
964,14677,716,26,1,7.99,"2005-08-21 20:12:30"
705,15384,717,26,1,2.99,"2005-08-22 22:34:44"
616,15722,718,26,1,7.99,"2005-08-23 11:16:29"
855,787,719,27,2,2.99,"2005-05-29 16:03:03"
444,1310,720,27,1,4.99,"2005-06-15 10:11:42"
571,1480,721,27,2,4.99,"2005-06-15 21:17:17"
984,1699,722,27,2,2.99,"2005-06-16 13:05:09"
476,1960,723,27,2,3.99,"2005-06-17 08:59:57"
986,2512,724,27,2,2.99,"2005-06-18 23:48:47"
668,2815,725,27,1,4.99,"2005-06-19 20:03:29"
641,3038,726,27,1,1.99,"2005-06-20 12:28:59"
554,3420,727,27,2,3.99,"2005-06-21 17:22:36"
280,4038,728,27,2,0.99,"2005-07-07 02:52:53"
242,4510,729,27,1,5.99,"2005-07-08 02:34:51"
631,5552,730,27,1,0.99,"2005-07-10 03:01:19"
260,5736,731,27,1,4.99,"2005-07-10 11:45:48"
748,6115,732,27,2,0.99,"2005-07-11 07:36:50"
865,6562,733,27,2,5.99,"2005-07-12 05:26:26"
37,6658,734,27,2,4.99,"2005-07-12 11:13:21"
280,7927,735,27,1,1.99,"2005-07-28 12:13:42"
795,9244,736,27,2,0.99,"2005-07-30 14:06:53"
376,9636,737,27,2,5.99,"2005-07-31 05:12:59"
75,9673,738,27,1,7.99,"2005-07-31 06:34:55"
963,9908,739,27,1,4.99,"2005-07-31 14:39:52"
199,10794,740,27,1,7.99,"2005-08-01 21:51:15"
845,10852,741,27,1,4.99,"2005-08-02 00:00:33"
228,11234,742,27,1,0.99,"2005-08-02 13:12:17"
226,11661,743,27,1,8.99,"2005-08-17 05:25:57"
532,11740,744,27,2,6.99,"2005-08-17 08:48:31"
867,12021,745,27,2,5.99,"2005-08-17 19:52:43"
344,12461,746,27,2,0.99,"2005-08-18 11:28:14"
609,12531,747,27,1,2.99,"2005-08-18 13:57:50"
61,13816,748,27,2,4.99,"2005-08-20 13:13:56"
636,15048,749,27,1,0.99,"2005-08-22 10:00:04"
96,388,750,28,2,2.99,"2005-05-27 10:37:27"
788,868,751,28,1,2.99,"2005-05-30 04:19:55"
841,1240,752,28,2,2.99,"2005-06-15 04:58:07"
265,1543,753,28,1,4.99,"2005-06-16 01:24:08"
945,2299,754,28,2,3.99,"2005-06-18 08:18:52"
634,2604,755,28,2,0.99,"2005-06-19 06:30:10"
54,3231,756,28,1,0.99,"2005-06-21 02:25:00"
981,3845,757,28,1,0.99,"2005-07-06 16:38:14"
496,4704,758,28,2,0.99,"2005-07-08 11:45:35"
608,4951,759,28,2,4.99,"2005-07-08 22:58:21"
204,5653,760,28,2,2.99,"2005-07-10 07:21:27"
656,5817,761,28,1,5.99,"2005-07-10 15:49:12"
830,6032,762,28,2,0.99,"2005-07-11 02:49:01"
218,6476,763,28,2,0.99,"2005-07-12 01:37:48"
74,7580,764,28,1,9.99,"2005-07-27 23:07:40"
510,8464,765,28,1,4.99,"2005-07-29 08:18:20"
960,8901,766,28,1,2.99,"2005-07-30 01:07:12"
520,9544,767,28,2,2.99,"2005-07-31 01:44:51"
271,9593,768,28,2,4.99,"2005-07-31 03:22:30"
902,9705,769,28,2,4.99,"2005-07-31 07:40:33"
162,10116,770,28,2,2.99,"2005-07-31 21:14:02"
116,10294,771,28,2,6.99,"2005-08-01 03:48:12"
311,11444,772,28,1,2.99,"2005-08-02 20:32:55"
69,11856,773,28,1,3.99,"2005-08-17 13:44:49"
538,12190,774,28,2,2.99,"2005-08-18 01:54:44"
907,12359,775,28,1,0.99,"2005-08-18 07:44:05"
756,12708,776,28,1,2.99,"2005-08-18 20:59:17"
579,13783,777,28,2,4.99,"2005-08-20 12:11:03"
514,14540,778,28,2,2.99,"2005-08-21 15:34:23"
44,15445,779,28,1,4.99,"2005-08-23 00:48:29"
447,15491,780,28,1,2.99,"2005-08-23 02:08:40"
869,12938,781,28,2,2.99,"2006-02-14 15:16:03"
295,194,782,29,2,1.99,"2005-05-26 06:52:33"
360,2655,783,29,1,0.99,"2005-06-19 10:38:42"
545,2673,784,29,1,0.99,"2005-06-19 11:42:20"
354,2701,785,29,1,7.99,"2005-06-19 13:33:06"
993,2735,786,29,1,2.99,"2005-06-19 15:42:07"
999,2801,787,29,2,2.99,"2005-06-19 19:18:09"
22,2923,788,29,2,2.99,"2005-06-20 04:16:07"
621,3324,789,29,1,2.99,"2005-06-21 08:49:16"
686,4262,790,29,2,6.99,"2005-07-07 14:24:30"
18,4313,791,29,1,0.99,"2005-07-07 17:36:56"
122,4535,792,29,2,0.99,"2005-07-08 03:40:46"
680,5442,793,29,2,10.99,"2005-07-09 21:55:19"
280,5857,794,29,1,1.99,"2005-07-10 17:59:29"
414,7237,795,29,2,3.99,"2005-07-27 10:12:36"
519,7451,796,29,1,6.99,"2005-07-27 18:18:41"
656,7453,797,29,1,0.99,"2005-07-27 18:27:13"
468,8673,798,29,2,2.99,"2005-07-29 15:50:14"
614,9392,799,29,2,4.99,"2005-07-30 19:50:13"
456,9946,800,29,1,4.99,"2005-07-31 15:48:54"
135,10543,801,29,1,5.99,"2005-08-01 12:36:09"
189,10899,802,29,2,1.99,"2005-08-02 01:30:21"
698,11079,803,29,1,4.99,"2005-08-02 07:29:10"
958,11962,804,29,2,2.99,"2005-08-17 17:34:38"
731,12488,805,29,1,4.99,"2005-08-18 12:48:22"
235,12508,806,29,1,2.99,"2005-08-18 13:20:13"
226,12569,807,29,2,6.99,"2005-08-18 15:20:46"
473,12615,808,29,2,6.99,"2005-08-18 17:16:07"
288,13173,809,29,2,2.99,"2005-08-19 13:50:36"
549,13436,810,29,1,0.99,"2005-08-19 23:36:25"
784,13777,811,29,2,2.99,"2005-08-20 12:03:35"
726,13832,812,29,1,3.99,"2005-08-20 14:00:25"
406,14174,813,29,1,0.99,"2005-08-21 03:01:45"
944,14703,814,29,1,4.99,"2005-08-21 21:01:19"
439,14985,815,29,1,7.99,"2005-08-22 07:35:56"
597,14997,816,29,1,5.99,"2005-08-22 07:53:00"
118,15577,817,29,2,0.99,"2006-02-14 15:16:03"
849,1874,818,30,2,1.99,"2005-06-17 02:39:20"
149,1895,819,30,2,2.99,"2005-06-17 04:25:12"
361,2154,820,30,2,4.99,"2005-06-17 22:59:42"
280,2730,821,30,2,2.99,"2005-06-19 15:10:09"
403,3964,822,30,1,4.99,"2005-07-06 22:23:02"
58,4471,823,30,2,2.99,"2005-07-08 00:21:29"
428,4642,824,30,2,2.99,"2005-07-08 09:13:28"
989,5028,825,30,2,5.99,"2005-07-09 02:34:45"
919,5108,826,30,1,9.99,"2005-07-09 06:44:30"
945,5289,827,30,1,0.99,"2005-07-09 15:14:08"
1000,5972,828,30,2,7.99,"2005-07-11 00:08:54"
945,6249,829,30,1,0.99,"2005-07-11 15:02:02"
361,6359,830,30,2,2.99,"2005-07-11 21:06:17"
524,7394,831,30,2,2.99,"2005-07-27 16:03:08"
715,7769,832,30,2,4.99,"2005-07-28 06:45:23"
578,8030,833,30,1,4.99,"2005-07-28 16:12:53"
271,8038,834,30,2,4.99,"2005-07-28 16:32:55"
473,8083,835,30,1,4.99,"2005-07-28 18:09:48"
702,8641,836,30,1,2.99,"2005-07-29 14:37:30"
790,9309,837,30,2,2.99,"2005-07-30 16:55:53"
280,9551,838,30,2,0.99,"2005-07-31 02:04:58"
242,9641,839,30,1,0.99,"2005-07-31 05:33:48"
559,9998,840,30,1,2.99,"2005-07-31 17:40:35"
625,10235,841,30,1,6.99,"2005-08-01 01:57:48"
258,12240,842,30,1,2.99,"2005-08-18 03:27:11"
132,12546,843,30,1,2.99,"2005-08-18 14:29:37"
493,12758,844,30,2,0.99,"2005-08-18 22:58:34"
855,13435,845,30,1,0.99,"2005-08-19 23:35:44"
65,13682,846,30,1,4.99,"2005-08-20 08:50:39"
379,14339,847,30,1,0.99,"2005-08-21 08:37:15"
17,14585,848,30,1,2.99,"2005-08-21 17:18:33"
256,15063,849,30,1,4.99,"2005-08-22 10:39:51"
417,15544,850,30,1,4.99,"2005-08-23 04:17:56"
958,15829,851,30,2,2.99,"2005-08-23 15:17:14"
487,1656,852,31,2,4.99,"2005-06-16 10:05:40"
114,1838,853,31,1,1.99,"2005-06-16 23:20:16"
673,2233,854,31,1,0.99,"2005-06-18 03:57:36"
139,2341,855,31,2,6.99,"2005-06-18 11:35:30"
433,2396,856,31,1,7.99,"2005-06-18 15:49:48"
40,2438,857,31,2,0.99,"2005-06-18 18:34:21"
906,2530,858,31,1,0.99,"2005-06-19 01:20:00"
354,2648,859,31,2,4.99,"2005-06-19 10:06:20"
471,3117,860,31,2,2.99,"2005-06-20 18:05:15"
382,3172,861,31,2,1.99,"2005-06-20 22:19:25"
650,3205,862,31,1,0.99,"2005-06-21 00:38:47"
805,3701,863,31,1,4.99,"2005-07-06 10:12:45"
551,3967,864,31,2,4.99,"2005-07-06 22:45:10"
61,4122,865,31,1,6.99,"2005-07-07 07:15:35"
439,4738,866,31,2,9.99,"2005-07-08 13:24:58"
147,6208,867,31,1,3.99,"2005-07-11 12:34:56"
338,6580,868,31,2,4.99,"2005-07-12 06:26:10"
440,7000,869,31,1,1.99,"2005-07-27 01:23:24"
311,7138,870,31,2,3.99,"2005-07-27 06:47:13"
414,7178,871,31,2,2.99,"2005-07-27 08:09:25"
185,7464,872,31,2,2.99,"2005-07-27 18:49:42"
186,8997,873,31,2,0.99,"2005-07-30 04:53:56"
131,12085,874,31,2,4.99,"2005-08-17 22:17:09"
996,12377,875,31,1,0.99,"2005-08-18 08:26:05"
725,15682,876,31,2,6.99,"2005-08-23 09:37:34"
791,15816,877,31,2,6.99,"2005-08-23 14:58:06"
330,483,878,32,2,4.99,"2005-05-27 23:00:25"
350,803,879,32,2,4.99,"2005-05-29 17:52:30"
510,1067,880,32,2,4.99,"2005-05-31 09:12:13"
785,1887,881,32,2,6.99,"2005-06-17 03:53:18"
358,2160,882,32,2,0.99,"2005-06-17 23:39:11"
676,2624,883,32,2,5.99,"2005-06-19 08:22:09"
76,2891,884,32,2,1.99,"2005-06-20 02:02:05"
534,3500,885,32,1,2.99,"2005-07-06 00:11:13"
391,4434,886,32,1,2.99,"2005-07-07 22:48:34"
235,4771,887,32,2,2.99,"2005-07-08 15:33:32"
91,4899,888,32,2,0.99,"2005-07-08 20:37:11"
624,5307,889,32,1,9.99,"2005-07-09 15:57:15"
629,5767,890,32,1,0.99,"2005-07-10 13:13:18"
576,5954,891,32,1,2.99,"2005-07-10 23:22:01"
478,6122,892,32,1,3.99,"2005-07-11 07:58:07"
526,6450,893,32,2,2.99,"2005-07-12 00:49:05"
172,7084,894,32,1,6.99,"2005-07-27 04:34:07"
344,7589,895,32,1,5.99,"2005-07-27 23:23:36"
5,7793,896,32,1,2.99,"2005-07-28 07:26:14"
127,8390,897,32,2,5.99,"2005-07-29 05:52:26"
638,8453,898,32,2,2.99,"2005-07-29 07:46:29"
297,8914,899,32,2,2.99,"2005-07-30 01:42:03"
174,11135,900,32,1,4.99,"2005-08-02 09:22:25"
995,11831,901,32,2,4.99,"2005-08-17 12:54:47"
973,12414,902,32,2,9.99,"2005-08-18 09:50:40"
739,13736,903,32,1,8.99,"2005-08-20 10:31:23"
849,13931,904,32,1,1.99,"2005-08-20 17:16:10"
830,14075,905,32,1,0.99,"2005-08-20 23:18:54"
213,14570,906,32,2,5.99,"2005-08-21 16:32:32"
600,165,907,33,1,2.99,"2005-05-26 02:28:36"
324,1301,908,33,1,10.99,"2005-06-15 09:46:33"
938,3173,909,33,2,8.99,"2005-06-20 22:21:10"
637,4095,910,33,1,5.99,"2005-07-07 06:01:48"
531,5421,911,33,1,0.99,"2005-07-09 20:49:12"
131,5723,912,33,1,4.99,"2005-07-10 11:14:48"
882,6280,913,33,2,0.99,"2005-07-11 16:36:17"
403,7992,914,33,1,4.99,"2005-07-28 14:53:06"
86,9040,915,33,1,4.99,"2005-07-30 06:31:45"
745,9085,916,33,2,4.99,"2005-07-30 08:17:24"
110,9254,917,33,1,1.99,"2005-07-30 14:26:11"
72,10335,918,33,2,2.99,"2005-08-01 04:59:30"
330,10870,919,33,1,4.99,"2005-08-02 00:27:12"
682,13241,920,33,1,7.99,"2005-08-19 16:25:00"
468,13858,921,33,1,2.99,"2005-08-20 14:50:57"
519,13958,922,33,1,7.99,"2005-08-20 18:11:44"
18,14002,923,33,1,0.99,"2005-08-20 20:12:19"
200,14623,924,33,1,0.99,"2005-08-21 18:29:13"
432,15096,925,33,1,5.99,"2005-08-22 11:43:04"
378,15115,926,33,2,2.99,"2005-08-22 12:28:01"
90,12277,927,33,1,0.99,"2006-02-14 15:16:03"
312,1900,928,34,1,4.99,"2005-06-17 04:29:58"
624,2257,929,34,2,5.99,"2005-06-18 05:29:52"
19,3150,930,34,1,0.99,"2005-06-20 20:35:28"
519,3508,931,34,2,3.99,"2005-07-06 00:24:25"
993,3911,932,34,1,2.99,"2005-07-06 20:09:11"
719,5188,933,34,1,4.99,"2005-07-09 10:22:31"
174,5643,934,34,2,4.99,"2005-07-10 06:49:00"
24,5918,935,34,2,5.99,"2005-07-10 21:32:06"
83,7015,936,34,2,2.99,"2005-07-27 02:15:01"
756,7124,937,34,2,2.99,"2005-07-27 06:09:30"
147,7532,938,34,1,0.99,"2005-07-27 21:20:52"
40,9160,939,34,1,3.99,"2005-07-30 11:17:33"
525,10523,940,34,1,0.99,"2005-08-01 11:52:32"
579,10615,941,34,1,4.99,"2005-08-01 14:58:14"
314,11096,942,34,2,0.99,"2005-08-02 08:05:19"
735,11505,943,34,1,2.99,"2005-08-16 23:18:47"
222,11701,944,34,2,4.99,"2005-08-17 07:15:47"
815,12286,945,34,2,2.99,"2005-08-18 04:57:59"
443,12599,946,34,1,2.99,"2005-08-18 16:42:45"
1,12651,947,34,1,0.99,"2005-08-18 18:36:16"
746,13371,948,34,1,4.99,"2005-08-19 21:21:47"
331,13949,949,34,2,2.99,"2005-08-20 17:55:13"
177,14686,950,34,1,5.99,"2005-08-21 20:32:08"
665,14701,951,34,2,7.99,"2005-08-21 20:54:32"
478,47,952,35,2,3.99,"2005-05-25 06:05:20"
618,424,953,35,1,6.99,"2005-05-27 15:34:01"
34,1579,954,35,1,0.99,"2005-06-16 04:09:08"
138,1989,955,35,1,2.99,"2005-06-17 10:47:24"
623,2229,956,35,1,4.99,"2005-06-18 03:50:18"
493,2231,957,35,1,0.99,"2005-06-18 03:52:14"
572,2743,958,35,1,2.99,"2005-06-19 16:15:56"
814,3112,959,35,2,4.99,"2005-06-20 17:53:30"
890,3597,960,35,2,2.99,"2005-07-06 05:03:59"
628,4098,961,35,2,4.99,"2005-07-07 06:14:51"
727,4990,962,35,2,0.99,"2005-07-09 00:48:49"
658,5013,963,35,1,2.99,"2005-07-09 01:46:45"
287,5323,964,35,2,0.99,"2005-07-09 16:34:07"
489,5916,965,35,1,5.99,"2005-07-10 21:26:31"
970,5963,966,35,1,0.99,"2005-07-10 23:47:08"
202,6147,967,35,1,5.99,"2005-07-11 09:13:08"
312,6401,968,35,1,4.99,"2005-07-11 22:44:34"
603,6565,969,35,1,4.99,"2005-07-12 05:39:50"
686,6572,970,35,1,4.99,"2005-07-12 05:56:38"
441,7140,971,35,1,4.99,"2005-07-27 06:54:12"
162,8822,972,35,1,6.99,"2005-07-29 22:20:21"
782,8971,973,35,1,5.99,"2005-07-30 04:03:58"
748,9033,974,35,2,2.99,"2005-07-30 06:07:42"
775,9579,975,35,1,6.99,"2005-07-31 02:59:20"
363,11298,976,35,1,1.99,"2005-08-02 15:32:32"
275,11452,977,35,1,7.99,"2005-08-02 20:59:52"
927,11645,978,35,1,4.99,"2005-08-17 04:50:56"
324,12055,979,35,1,4.99,"2005-08-17 21:02:19"
394,13735,980,35,1,2.99,"2005-08-20 10:31:01"
595,14110,981,35,1,0.99,"2005-08-21 00:53:09"
69,14124,982,35,2,2.99,"2005-08-21 01:31:51"
212,14735,983,35,2,4.99,"2005-08-21 22:25:09"
641,349,984,36,1,0.99,"2005-05-27 04:53:11"
17,716,985,36,1,0.99,"2005-05-29 04:35:29"
363,2741,986,36,2,0.99,"2005-06-19 16:05:41"
743,4135,987,36,2,0.99,"2005-07-07 08:15:03"
68,4560,988,36,2,4.99,"2005-07-08 04:58:48"
86,4762,989,36,2,4.99,"2005-07-08 14:54:42"
870,5403,990,36,1,0.99,"2005-07-09 20:07:09"
19,6030,991,36,2,0.99,"2005-07-11 02:37:51"
621,7205,992,36,1,6.99,"2005-07-27 09:06:13"
677,7647,993,36,1,0.99,"2005-07-28 01:35:17"
462,7919,994,36,2,6.99,"2005-07-28 11:59:45"
808,8099,995,36,2,0.99,"2005-07-28 18:35:12"
462,8391,996,36,1,2.99,"2005-07-29 05:52:50"
961,8952,997,36,1,4.99,"2005-07-30 03:20:38"
773,9369,998,36,1,2.99,"2005-07-30 18:52:19"
910,9805,999,36,2,0.99,"2005-07-31 11:11:10"
835,10525,1000,36,2,2.99,"2005-08-01 11:53:17"
